Naslov_nepr,vrednost
2 Dixon Lane,490564
222 Southridge Lane,613133
92089 Sutherland Avenue,431875
21 Clyde Gallagher Terrace,416881
9 Crest Line Way,498199
761 Moulton Road,377757
63 Dapin Park,244006
1646 Springs Alley,315956
54 Sutteridge Parkway,290610
89689 Calypso Alley,429085
9 Talisman Junction,413537
0 Mendota Way,781365
07 Delaware Terrace,516203
171 Rigney Place,537155
8334 Delaware Junction,612030
42166 Vernon Crossing,552433
71048 Onsgard Crossing,444893
7 Talmadge Way,471544
21393 Hintze Court,334771
52 Sloan Place,594756
60523 Sloan Center,347490
2 Sherman Park,557740
4 Cardinal Way,463618
09 Hoard Lane,187088
4 Butterfield Lane,427144
6048 Russell Drive,497506
931 Elgar Plaza,577925
16134 Anniversary Road,473281
9 Miller Alley,454804
3 Nobel Plaza,435467
0207 Kropf Place,500196
5803 Duke Crossing,503020
9 Grover Center,474394
5783 Packers Center,515069
84347 Fallview Terrace,439868
51466 Tony Trail,476046
05 Buena Vista Hill,528601
985 Cardinal Point,561394
758 Burning Wood Park,459653
0827 Fieldstone Crossing,326878
2 Namekagon Crossing,310012
77823 Continental Crossing,562825
8238 Ronald Regan Circle,557266
5751 Rusk Point,497410
59 Burrows Center,465531
744 Park Meadow Plaza,441927
8 Sheridan Trail,487606
91 Superior Pass,435272
18 Dunning Center,562497
296 Doe Crossing Place,545200
4681 West Parkway,505932
4 Continental Road,481710
85555 Myrtle Center,351469
7 Helena Hill,672501
34 Merrick Way,349298
931 Blackbird Place,326443
67 International Circle,567075
40073 Ohio Park,610206
18204 Roxbury Parkway,491882
3 Stang Point,420756
30164 Monica Circle,558874
5664 Acker Terrace,548350
52 Melrose Parkway,572958
627 Rutledge Pass,484371
361 Ridge Oak Street,422130
0133 Golden Leaf Road,581830
6805 Lake View Way,431596
47599 Red Cloud Point,697044
6144 Northland Junction,538110
424 Muir Hill,571076
3117 Mallard Road,378254
05866 Drewry Circle,585117
4 Macpherson Junction,429870
1648 Lukken Pass,493762
2 Ilene Street,360066
47 Dorton Way,581666
21 Prairie Rose Hill,474043
6301 Lakeland Plaza,446242
04 Eastwood Road,437584
3574 Montana Park,317839
5496 Waubesa Lane,445374
46085 Toban Circle,427912
63 Del Mar Parkway,382636
833 Bartelt Way,450432
23 Blue Bill Park Crossing,463178
53106 Sunfield Circle,505119
7717 Graceland Center,296387
05390 Linden Way,536925
39935 New Castle Lane,493855
07 Independence Hill,494320
2 Veith Center,336956
40454 Dayton Street,504872
48 Drewry Park,550509
54 Colorado Crossing,581083
5137 Schiller Crossing,359458
783 Karstens Point,558828
0375 Swallow Court,328957
42130 Blaine Pass,626459
7 Loeprich Point,558948
4004 Westport Street,426321
6 Becker Terrace,632225
6314 Sycamore Point,453321
14280 Charing Cross Drive,479103
08 Eliot Pass,560302
9469 Red Cloud Drive,435615
727 8th Place,517713
38766 Troy Plaza,483501
548 4th Junction,636307
01 Aberg Junction,558616
63659 Morningstar Crossing,562683
2262 Anzinger Road,555805
61176 International Crossing,610129
91745 Prairieview Park,566265
7 Hagan Street,416257
06784 Arizona Way,714570
460 Morningstar Court,646968
1761 Golden Leaf Plaza,505131
1 Loeprich Alley,577825
32 Myrtle Drive,474554
19811 Pine View Point,670359
85 Little Fleur Court,312476
047 Morrow Hill,457645
73 Rusk Way,579651
70 Badeau Junction,490589
818 Acker Court,409861
965 Express Avenue,395850
92425 Portage Park,442126
995 Steensland Alley,706998
996 Rieder Place,524092
3252 Pankratz Street,608462
79668 Rieder Trail,560703
1 Holy Cross Lane,536371
7419 Goodland Alley,484734
00333 Barby Terrace,639128
48 Coolidge Hill,365101
084 Eliot Park,548633
66 Jana Alley,634690
102 5th Plaza,397893
0 Erie Alley,386961
26661 Division Alley,506166
37609 8th Lane,449156
825 Jenifer Road,574899
44086 Buell Center,390380
06543 Heath Pass,507408
367 Anthes Center,543524
1 Corry Plaza,606000
58 Knutson Trail,328166
0 Melrose Pass,646013
28245 Eagle Crest Circle,460650
56 Mockingbird Crossing,408608
06746 Del Sol Crossing,519797
6 Parkside Parkway,700398
22194 Mcguire Drive,394755
428 Packers Court,343663
3 Kenwood Junction,511389
602 Alpine Crossing,422020
3275 Towne Court,378897
3551 Vernon Point,541646
2 Kenwood Pass,474767
7994 Golf Course Drive,549956
61512 Thackeray Court,480721
4 Forest Parkway,750409
7597 Westerfield Street,618911
6839 Sutherland Plaza,605769
20 Dovetail Alley,611832
75859 Grasskamp Street,419938
5161 Iowa Park,361580
9 Larry Trail,725743
794 Hudson Place,524836
18 Division Circle,588536
4 Blackbird Park,796627
30377 Amoth Parkway,343811
9233 Redwing Park,614672
4695 Lotheville Circle,494869
1868 Morningstar Alley,586050
66942 Farmco Park,609706
42812 Lillian Road,618354
9 Waxwing Center,674234
2590 Erie Avenue,392570
576 Haas Pass,380450
401 Quincy Alley,491579
05 Maywood Lane,430171
3442 Moose Junction,501487
529 Dahle Trail,576300
01 Mendota Crossing,615605
89767 David Terrace,487264
72773 Steensland Junction,366741
82 South Park,608961
86293 Shoshone Park,531109
40611 Londonderry Pass,443246
105 Heath Court,719067
4 Green Way,509751
43 Northridge Point,375449
6631 Troy Circle,443241
0 Kennedy Street,555121
171 Forster Way,353586
448 Oriole Trail,529537
8 Thierer Crossing,750787
61293 Sage Lane,481658
561 Meadow Vale Terrace,649474
3639 7th Court,666041
42656 Eagle Crest Place,526872
443 Holmberg Hill,470245
781 School Pass,331842
14 Macpherson Drive,537580
2 Kinsman Way,707724
3 Sutteridge Way,481200
167 Mariners Cove Terrace,515286
23497 Lotheville Park,746929
5445 Vahlen Hill,503592
9 Bluejay Plaza,527516
7955 Maryland Trail,530243
998 Dennis Hill,431977
76570 Badeau Terrace,410254
01867 Stang Avenue,653122
678 Hayes Street,520764
993 Laurel Lane,408155
893 Jenifer Parkway,291246
6 Colorado Trail,622097
2 Kim Terrace,552204
0 Chinook Road,619676
3 Mandrake Street,498121
0798 Anniversary Park,471769
9820 Shopko Point,345527
7 Annamark Way,473578
6 Sauthoff Terrace,409683
144 Bay Court,390931
552 Bonner Circle,508142
77131 Dakota Drive,506086
42400 Bultman Pass,372370
66 Stone Corner Parkway,631750
186 Bunting Avenue,486456
2261 Acker Hill,455570
386 Hauk Alley,519542
112 Schlimgen Crossing,431137
4144 Algoma Place,471218
3032 Old Shore Alley,481375
19502 Lindbergh Park,464330
12511 Mallory Terrace,295079
8 Stang Terrace,534797
37479 Ilene Court,530009
35 Buell Junction,571687
8777 Chinook Place,669261
0 North Trail,580324
31 Harper Hill,349499
50330 Algoma Circle,576817
7279 Northwestern Parkway,632082
1194 Commercial Center,428395
57 Heffernan Hill,497758
244 Lillian Street,504145
99 Dakota Avenue,374035
058 Division Junction,453503
247 Lindbergh Avenue,520212
895 Kenwood Place,584653
746 Cottonwood Point,604887
47 Nobel Center,520880
90 Monterey Street,450527
575 Sycamore Terrace,607383
94 Waywood Hill,422591
5216 Clarendon Street,649954
78 Mandrake Junction,507742
76446 Twin Pines Drive,646375
07148 Pine View Circle,533395
3 Hazelcrest Park,536336
47163 8th Junction,527266
525 International Way,479570
52982 Parkside Street,437848
0 Onsgard Court,464273
675 Logan Place,313605
316 Elgar Hill,500528
1 Vermont Terrace,339677
16 Bultman Street,538912
344 Hooker Circle,337405
16792 Ridge Oak Park,423187
9581 Union Pass,683785
556 Morning Parkway,516126
031 Green Point,480601
90883 Stang Lane,556693
981 Shelley Pass,429979
449 Schurz Place,431054
037 Transport Avenue,388926
91 Hollow Ridge Hill,509413
84352 Lakeland Junction,593703
62268 Pawling Avenue,366156
2418 Porter Park,529301
40 Lyons Center,395168
816 Holmberg Drive,484734
46 Basil Plaza,560521
291 Calypso Center,470102
51820 Eastwood Circle,501885
74 Kensington Avenue,508671
7435 West Lane,607412
06560 Pepper Wood Way,313012
56844 Stephen Parkway,397590
49351 Schiller Alley,570098
89883 Summerview Place,437495
87 Arrowood Drive,445122
0 Jackson Circle,622452
94674 Sherman Alley,598135
85 Red Cloud Parkway,401240
10 Tony Point,688262
42292 Redwing Circle,477330
56 Fordem Street,509470
02 Dixon Hill,84768
993 Bowman Court,512439
6073 Talmadge Road,576335
05 Ramsey Trail,544533
516 Surrey Road,606949
46969 Blue Bill Park Hill,515323
2 Manitowish Place,388341
295 Hagan Avenue,440856
55759 Loomis Park,652424
83244 Nevada Drive,393801
706 Green Ridge Street,666203
9193 Hoffman Way,535626
86 Bluestem Way,581743
74011 Fordem Center,651000
2 Evergreen Street,429543
147 Browning Trail,490994
6074 Bartillon Crossing,570107
119 Elmside Road,325930
56729 American Ash Center,517455
5868 Bunker Hill Alley,784888
56030 Oak Valley Point,499188
3 Ridge Oak Parkway,670384
70509 Russell Drive,471285
561 American Ash Circle,695792
0 Nobel Trail,486101
60716 Stoughton Pass,443779
4865 Scoville Avenue,480575
942 Bonner Plaza,701665
34 Sunnyside Parkway,391963
8 Dorton Drive,584001
61098 Fulton Way,673339
757 Paget Junction,597656
2 Mitchell Hill,646956
19942 New Castle Center,326719
2 Londonderry Point,622702
609 Lillian Crossing,441465
40 Shoshone Street,464959
0 Grim Hill,435805
30 Golf Parkway,506089
34 Mayer Place,594641
83944 Barnett Way,405821
593 Amoth Plaza,345769
35 Cambridge Center,556344
9 Nevada Terrace,466156
7 Old Gate Crossing,507929
30145 Mifflin Crossing,390101
371 Linden Point,606204
5 Chinook Point,491642
663 Corry Alley,395995
319 Darwin Parkway,451880
355 Colorado Park,420954
07 Coolidge Street,472786
0 Elka Lane,451116
0806 Armistice Way,438126
01779 Farwell Lane,597507
024 Weeping Birch Pass,306135
492 Sage Road,687408
842 Union Crossing,413654
3276 Muir Terrace,289551
31 Luster Plaza,414801
35 Northwestern Point,665942
014 Elka Pass,508666
5539 3rd Way,323255
3152 Norway Maple Place,382305
0 Canary Plaza,527844
1 Dennis Pass,436537
02 Columbus Crossing,485624
6494 Eagan Street,478314
196 Bashford Center,531556
9792 Luster Alley,565822
79 Merry Parkway,467524
22 Delaware Point,657543
3973 Pearson Junction,524698
080 Aberg Center,565481
7471 Blaine Road,365448
77890 Monica Way,592174
6232 Butterfield Drive,471823
5 Pierstorff Trail,575066
7141 Bunting Terrace,586348
1 Banding Road,676527
73 Thompson Park,478146
4 Lillian Trail,538880
4090 Iowa Terrace,431821
764 Randy Parkway,469776
4870 Declaration Plaza,400577
57144 Crownhardt Park,367034
85 Kipling Street,433979
6 Russell Alley,463061
900 Sommers Point,481749
294 Arkansas Hill,380766
2833 Jackson Hill,577669
221 Schurz Junction,483256
96416 Dovetail Plaza,390487
828 Meadow Ridge Avenue,448496
9915 Petterle Parkway,394501
2197 Buena Vista Junction,542754
1 Lyons Parkway,646691
5 Lerdahl Trail,569661
30 Trailsway Street,535857
49 Brown Plaza,497266
6973 Mandrake Alley,553345
789 Hansons Plaza,240833
2 Logan Road,500750
59814 School Plaza,310493
563 Holy Cross Terrace,520737
662 Surrey Place,540827
1941 Ridgeview Avenue,460017
1252 Talmadge Court,652961
417 Old Gate Street,256689
90 Meadow Vale Plaza,687171
9 Butternut Park,464933
73 Tennyson Junction,456239
77 Jay Way,507727
9 Washington Circle,574943
129 Granby Trail,548619
283 Hayes Avenue,364558
98 Browning Avenue,484669
5695 Havey Point,481811
72 Steensland Road,515526
2808 Rowland Avenue,545974
11757 Rieder Crossing,441798
3 Oriole Pass,540299
3 Farmco Street,386590
8 Sundown Court,440299
72964 Spenser Street,563995
555 Barby Park,501035
914 Merrick Drive,499075
58 Glacier Hill Hill,459690
9243 Washington Center,475777
891 Loeprich Alley,379550
35060 Ronald Regan Drive,532741
8208 Maywood Center,490275
1154 Oriole Trail,499933
168 Little Fleur Drive,368644
2 Donald Road,547500
6 Bay Trail,604645
40 Lakewood Crossing,452703
4 Ridgeway Point,571359
805 Bashford Lane,616593
96346 Talmadge Place,396697
42 Becker Avenue,399166
57 West Avenue,455907
8 Sachs Place,540608
71541 Hansons Court,407339
0 Thackeray Parkway,529753
1924 Rockefeller Point,536695
9 Clyde Gallagher Drive,523055
21 Boyd Court,488542
59254 Spaight Plaza,753844
690 Forest Dale Crossing,551500
0086 Vidon Center,499761
192 Schiller Plaza,647049
9328 South Circle,636533
5 Orin Court,523300
56 Erie Circle,623825
202 Sheridan Park,601338
414 Blackbird Point,577398
842 Oneill Place,436308
61 Sugar Crossing,551635
1364 Melvin Terrace,438986
6873 Prairieview Parkway,364973
149 Truax Hill,596679
2092 Hoard Parkway,344480
5 Straubel Circle,248062
0638 Superior Lane,385116
04387 Everett Center,420218
1 Prairieview Junction,451604
3322 Grover Crossing,492607
95562 Knutson Plaza,726813
5068 Weeping Birch Road,556999
718 Dawn Place,465056
83995 Merry Trail,478722
287 Briar Crest Alley,397573
427 Eastwood Crossing,483125
899 Bluestem Road,556851
2 Lakewood Gardens Drive,542481
63243 Quincy Pass,443712
4058 Maywood Park,408616
94 Express Terrace,537893
01 Blackbird Parkway,564097
3627 Dexter Plaza,652098
18873 Moland Terrace,726292
55788 Parkside Lane,458906
3 Lawn Street,513199
68 Veith Pass,502542
59 Kings Hill,524289
0514 Glendale Plaza,473371
3 John Wall Point,644308
5945 Wayridge Place,563508
7 Shopko Crossing,609440
9 Spaight Crossing,319317
31083 Bonner Trail,553168
058 Hallows Parkway,639324
9 Harper Alley,582973
54 Michigan Terrace,514170
2714 Browning Road,614837
81 Scott Crossing,536299
2621 Aberg Drive,460724
708 Weeping Birch Junction,537477
5 Morning Parkway,467189
81842 Oak Alley,420702
29150 Dixon Circle,445798
006 Graceland Street,617894
3171 Farwell Way,633578
85 Truax Crossing,530326
82774 Spenser Park,398343
9130 Elmside Alley,591882
946 2nd Terrace,530779
449 Independence Center,658446
44 Fulton Avenue,427341
862 Lakewood Gardens Pass,608474
4880 Burrows Junction,476566
40 Fremont Lane,630290
141 Sachs Junction,563934
98 Esker Circle,483464
9 Porter Park,705371
51 Little Fleur Place,361851
0742 Rieder Junction,390567
9630 Anniversary Park,710222
54 Merrick Hill,433686
17 Nevada Court,604201
89720 Laurel Junction,487400
73637 Spaight Center,412574
55522 Crescent Oaks Trail,400261
16 Hudson Parkway,296004
5058 Havey Trail,336883
9 Schlimgen Center,624901
4668 Steensland Junction,372509
20 Sachs Terrace,345840
658 Blue Bill Park Road,422131
68 Vidon Plaza,459193
82248 Red Cloud Circle,542276
7026 Northland Place,632203
25 Gulseth Drive,538471
6391 Clarendon Point,361480
7678 Sunfield Center,480049
3069 Towne Plaza,471091
79778 Vera Street,314669
03 Carpenter Drive,362994
14807 Lighthouse Bay Junction,380539
80878 Mitchell Park,592671
908 Straubel Road,446060
7514 Longview Pass,479770
3 Hollow Ridge Point,494842
7 Toban Hill,455895
29 Monica Court,485423
1 Cottonwood Parkway,371849
5492 Warbler Point,462236
748 Maple Wood Parkway,340760
94558 Lake View Terrace,661273
4540 Shopko Trail,200672
489 Steensland Plaza,463654
3 Golf View Circle,464241
39 Holmberg Place,220244
70 Hagan Parkway,531306
2299 Little Fleur Terrace,719008
1 Rieder Trail,567003
224 Mosinee Drive,472783
534 Esker Junction,471090
1317 Doe Crossing Crossing,536840
7 New Castle Road,540938
44 Morning Way,637526
977 Shasta Parkway,312994
000 Waywood Trail,366957
5533 Waubesa Alley,491638
7910 Leroy Avenue,440510
7397 Eastlawn Crossing,611332
3302 Grover Point,779434
00206 Porter Way,595013
208 Blackbird Place,460335
65349 Northfield Alley,502803
1 Orin Trail,411830
00570 Pawling Terrace,418339
83 Delaware Parkway,513806
61 Trailsway Junction,483168
9 Blaine Road,436655
9 Lukken Circle,566971
0 Cascade Place,415305
2 Roxbury Avenue,501899
829 Troy Hill,735453
0 Lunder Center,578401
22 1st Drive,563316
34050 Ruskin Place,440057
379 Stephen Plaza,440269
387 Morning Park,713629
2309 Summer Ridge Plaza,517544
1326 Wayridge Trail,566304
90 Straubel Park,481516
3 6th Trail,651907
91521 Hallows Circle,376603
00138 Melrose Junction,560705
57 Sheridan Way,452161
3 Mockingbird Street,427629
46490 Superior Way,657882
0768 Old Shore Trail,393405
7905 Arapahoe Trail,349421
93 West Park,557761
178 Manley Road,643314
0420 Gateway Lane,317128
2589 Sundown Crossing,484202
869 Ridgeway Lane,662756
71 Anderson Drive,504974
96 Carioca Junction,586817
560 Utah Road,355743
2 Gateway Pass,568411
7342 Toban Circle,511942
80 Leroy Pass,517967
74747 Sheridan Crossing,436840
968 Arizona Alley,484507
01 International Avenue,522568
60 Del Mar Place,584048
0315 Nevada Hill,510211
4147 Morningstar Plaza,560881
95 Welch Trail,477970
9340 Cottonwood Circle,398628
701 Amoth Avenue,429386
754 2nd Road,467783
9006 Oak Junction,319678
25252 Kenwood Way,523579
473 Kinsman Court,731017
4 Maywood Place,368744
03 Elgar Plaza,470711
6 Bonner Alley,431277
6 Debra Drive,510142
82 Glacier Hill Junction,603648
463 Gateway Park,553666
542 Jana Pass,508902
95079 Becker Pass,450060
36 North Terrace,500776
77928 Clyde Gallagher Center,530641
193 Morningstar Street,374543
815 Mayer Way,525938
1 Arkansas Junction,444439
3 Lotheville Way,371346
85 Oak Junction,610175
22 Sugar Alley,363395
2997 Butternut Drive,418709
8 Artisan Circle,716205
2 Fieldstone Trail,466725
20 Holy Cross Plaza,566236
819 Evergreen Place,581441
9986 Sunnyside Drive,369564
51 Mendota Hill,497856
3180 Ronald Regan Road,519148
96 Main Road,657185
02894 Holmberg Street,537181
1 Wayridge Center,565440
7 Arrowood Terrace,378292
31 Hovde Parkway,390256
0847 Daystar Way,442618
7 Sunbrook Plaza,627670
914 Nancy Center,715659
4 Marquette Junction,598193
4 Debs Hill,520308
83734 School Street,507438
6 Gina Junction,567676
861 Porter Drive,381231
69 Mitchell Junction,444526
7741 7th Crossing,527871
29 Artisan Avenue,599228
15 Rutledge Place,454997
12 Lukken Drive,535357
1702 Nancy Lane,395903
10758 Butterfield Junction,565248
420 Namekagon Alley,350876
54 Toban Junction,555943
9431 Westport Trail,634267
83458 Corben Hill,433213
97049 Golf Avenue,760151
75620 Rieder Court,491153
003 Killdeer Place,684898
7 Sachtjen Trail,437897
15 Dixon Crossing,480404
93 Welch Pass,512112
4703 Eastwood Crossing,346228
4 Sunbrook Terrace,501645
646 Forest Park,519926
97 Troy Lane,301368
99 Mayfield Road,580518
680 Clyde Gallagher Way,514801
8 Gerald Junction,554797
54 Monument Avenue,577750
5 Kropf Crossing,320513
410 Union Road,430231
47457 Maywood Drive,653935
107 Forest Place,446762
67 Birchwood Junction,515662
42135 Dahle Terrace,534898
7663 Talmadge Street,459859
9523 Oneill Hill,769319
51916 Ryan Park,403744
71393 East Lane,515939
198 Grim Street,321750
526 Milwaukee Point,554606
4 Kennedy Junction,658438
5962 Burning Wood Trail,582598
8141 Florence Park,606980
74411 Hoard Junction,445626
93 Kedzie Lane,541498
8 Jenifer Hill,384485
83 Novick Trail,453923
7 Nevada Road,624062
2 Pawling Alley,471069
99 Fisk Road,560117
9 Division Street,324772
84101 Fremont Alley,380895
2 Sloan Court,756676
90 Towne Plaza,463988
2 3rd Terrace,564207
50 Grasskamp Pass,564331
03 Myrtle Junction,578538
11861 Anderson Trail,334416
892 Nevada Trail,346743
29545 Sloan Point,498186
8421 Scott Parkway,401024
19 Aberg Crossing,679545
4 Graceland Circle,407463
10316 Mallard Place,355358
50 Bluejay Court,494727
9995 Westend Circle,486251
4399 Annamark Center,601299
79192 Nancy Circle,538893
72 Judy Crossing,438347
55 Harper Center,554360
15483 Park Meadow Hill,284519
42135 Di Loreto Circle,386428
4 Fuller Hill,600533
8 Bobwhite Drive,360829
6 Porter Parkway,544354
924 Karstens Park,453087
692 Dexter Circle,459515
85312 Talisman Way,440346
57 Walton Pass,399969
32 Service Court,524958
996 Holmberg Circle,516799
7 Petterle Way,416725
82 Graceland Pass,430995
5 Sunfield Circle,621995
08676 Mesta Drive,613596
006 Barby Trail,657008
0 Charing Cross Junction,362468
1508 Butterfield Lane,549686
69 Carpenter Parkway,389624
3337 Moose Hill,606951
05 Melvin Hill,605647
0 Veith Trail,504920
626 Spaight Park,533424
908 Vernon Court,525197
1261 Hollow Ridge Hill,511872
8 Gateway Terrace,515738
2 Glendale Drive,771142
5310 Union Center,506018
0199 Village Park,549187
2829 Ryan Plaza,556801
73101 Pennsylvania Circle,477554
96 Forest Circle,497598
1808 Pearson Way,417314
6901 Red Cloud Alley,615806
9978 Tony Court,693435
625 Sunfield Plaza,489390
8426 Morrow Parkway,402195
8 Dakota Avenue,573923
30666 John Wall Road,444497
0726 Iowa Junction,403211
18 Buell Point,489361
11 Warbler Alley,527281
475 7th Terrace,347660
77574 Almo Park,582345
16241 Stephen Alley,361836
37605 Hagan Drive,502008
35698 Schiller Way,592474
4948 Michigan Pass,482047
95 Shoshone Road,537858
7 Burning Wood Avenue,288566
8289 Elka Park,466415
1 Nelson Place,623136
8 Saint Paul Place,459922
346 Scofield Court,440304
75 Claremont Road,563171
81884 Riverside Terrace,199831
5 Hoard Avenue,289516
47268 Linden Junction,584826
07 Anzinger Parkway,570832
95513 Bowman Trail,552444
8117 Stang Plaza,568926
7172 Eagle Crest Avenue,720794
752 Reindahl Alley,459461
9 Oak Lane,708004
0 Lillian Trail,661134
8719 Rieder Circle,431672
48 Rockefeller Center,525537
2206 Maple Wood Pass,583891
3 Sauthoff Point,519224
9 Kensington Place,718382
0 South Avenue,577562
159 Service Avenue,450445
2 Warrior Road,545334
93 Morningstar Avenue,550924
8342 Gateway Court,561715
507 Pennsylvania Point,429161
2431 Tomscot Park,424707
1169 Pine View Way,627868
47 Cardinal Alley,500972
68395 South Drive,575674
410 Mitchell Alley,539571
98608 Ludington Alley,383325
05 New Castle Center,495942
75563 Darwin Alley,527305
625 Lakewood Gardens Crossing,554171
83 Utah Park,542116
757 Gerald Place,654000
658 Ramsey Place,585304
64942 Tomscot Alley,567479
69 Red Cloud Drive,484170
4598 Larry Center,478551
431 Briar Crest Park,572069
5 Sutherland Hill,282435
4 Stang Center,358153
541 American Drive,390709
58429 Bayside Street,562802
8556 Waywood Trail,434441
2 Shopko Place,485103
394 Coolidge Circle,451659
9222 Surrey Circle,474957
65 Charing Cross Alley,565371
82378 Butternut Circle,504884
66 Nobel Terrace,394269
27 Johnson Lane,482350
74252 Knutson Pass,606402
1 Dayton Circle,464545
4 Blue Bill Park Parkway,525974
37 Lerdahl Alley,367228
74 Helena Road,534023
928 Nancy Avenue,776386
15487 Kensington Drive,562965
5303 Aberg Center,613574
6 Elgar Junction,333775
63 Esch Parkway,556334
36 Boyd Crossing,496088
5700 Hanson Avenue,500419
0692 Old Shore Terrace,495856
839 Goodland Circle,569006
9 American Center,419628
19365 Sunfield Parkway,628659
402 Grasskamp Circle,320150
08816 South Point,619945
61593 School Park,408291
445 Melrose Point,555299
7205 Welch Drive,398458
7511 Melody Pass,575778
431 Norway Maple Point,425255
4962 Waywood Hill,567274
8 Texas Alley,580785
5169 Mosinee Crossing,504516
1939 Coolidge Plaza,244467
2 Magdeline Center,424143
48 Washington Junction,561281
97645 Southridge Park,628438
64 Birchwood Avenue,417050
039 Tennyson Parkway,410845
85526 Golf Course Street,597441
7 Carioca Plaza,338017
702 Judy Circle,558843
03 Talisman Junction,684428
18 Waubesa Road,359586
617 Judy Terrace,499083
05 Summer Ridge Way,532506
144 Sugar Junction,611401
827 Hudson Crossing,350414
0 Muir Crossing,558315
91954 Waywood Terrace,597124
6 Westridge Circle,461389
36420 Montana Plaza,488728
7498 Bellgrove Point,486059
90788 Helena Place,551110
00816 Sunbrook Terrace,434024
75 Union Parkway,182493
45953 Susan Hill,460935
23 Dayton Parkway,455494
538 Ryan Place,674390
9426 Jenna Pass,422734
07 Delladonna Drive,643366
12175 Dwight Park,507208
668 Hoepker Drive,441139
05 Sunfield Parkway,469164
7 Ridgeview Crossing,473339
25 Loeprich Street,485419
9 Maryland Terrace,733462
5 Petterle Court,569089
7 Saint Paul Trail,438647
1 Ludington Parkway,448977
47316 Hudson Way,637635
6860 Center Point,564597
28 Mayer Way,415417
1231 Schmedeman Terrace,591502
4827 Jana Hill,513454
96 Macpherson Street,529504
11694 Crowley Way,531618
0 Stone Corner Alley,506172
21 Mcbride Drive,536894
1 Farwell Street,475947
49385 Golf Course Plaza,474933
47965 Kennedy Court,465378
6 Almo Terrace,518794
427 Fuller Plaza,636957
1 Morrow Plaza,543447
6085 Meadow Ridge Point,542032
363 Paget Parkway,540884
9599 Bunting Road,573141
02 Victoria Avenue,486848
4 Granby Terrace,594853
0264 Judy Parkway,515032
2399 1st Drive,397178
45 Meadow Ridge Crossing,503556
59929 Meadow Valley Way,554369
43 Canary Drive,357792
88 Arapahoe Hill,575166
4993 Sullivan Trail,574357
90 Erie Trail,498114
915 Vernon Trail,518826
9 Hintze Road,417254
18374 Old Gate Point,405451
4 Lakeland Trail,419361
9053 Old Shore Park,486568
19959 Grim Junction,442156
6 Londonderry Center,629219
19 Burning Wood Trail,440019
99 Waxwing Court,385339
819 Springs Park,550615
7660 Monterey Center,599537
05351 Vidon Hill,457003
8680 Derek Parkway,507227
2 Blackbird Lane,544390
33 Victoria Hill,463178
3561 Thackeray Drive,569511
815 Eastwood Place,419086
86874 Hollow Ridge Trail,333259
51427 Paget Center,391118
96 Rieder Trail,470845
6603 Helena Parkway,400636
9206 Holmberg Parkway,485121
00 Forster Hill,633010
376 Ridgeview Hill,425795
4 Brickson Park Pass,618867
85 Daystar Lane,539860
0 Di Loreto Terrace,464672
24 Erie Place,563370
76 Eggendart Road,608661
852 Armistice Avenue,469525
1 Jana Court,445505
4 Troy Alley,355577
471 Summit Road,440248
17908 International Parkway,608077
36 Porter Plaza,649436
65 Fuller Center,497733
63455 Oneill Center,449674
42074 Oakridge Drive,480978
56 Packers Pass,459353
92495 Corscot Court,499717
957 Pawling Alley,529149
8 Ramsey Avenue,330402
4 Rockefeller Avenue,560126
01 1st Crossing,556892
2 Armistice Parkway,565763
77738 Melvin Court,482501
91257 Center Circle,418378
39 Warner Trail,393839
961 Stephen Park,581025
86 Hagan Terrace,494817
83310 Wayridge Plaza,387433
6211 Gateway Road,519526
89 Morrow Pass,532881
501 American Ash Parkway,381455
480 Toban Lane,499813
830 Pepper Wood Point,546303
5038 Corry Plaza,634862
2 Badeau Terrace,521839
3169 Mallard Alley,545915
51059 Bay Place,460850
11742 Cordelia Avenue,499370
841 Laurel Avenue,536960
010 Spenser Alley,384474
9 Dawn Hill,386970
94 Messerschmidt Way,459636
6 Stephen Center,449967
741 Lakeland Point,623613
6575 Moland Hill,567501
43945 Delaware Lane,540062
0 David Terrace,602524
19312 Mariners Cove Center,629584
5713 Tennessee Plaza,481812
12226 Tennyson Terrace,624641
00 Lighthouse Bay Center,544959
67880 Pennsylvania Lane,329289
5 Roth Plaza,340826
210 Prairie Rose Court,462735
59472 Steensland Place,330136
